{
  "editorVersion": "6.5.48",
  "docType": "5",
  "title": "Drone SMD",
  "description": "",
  "colors": {},
  "schematics": [
    {
      "docType": "1",
      "title": "Sheet_1",
      "description": "",
      "dataStr": {
        "head": {
          "docType": "1",
          "editorVersion": "6.5.48",
          "newgId": true,
          "c_para": {
            "Prefix Start": "1"
          },
          "c_spiceCmd": "null",
          "hasIdFlag": true,
          "uuid": "eee6de1195d5481793ef11f135ac77b4",
          "x": "0",
          "y": "0",
          "portOfADImportHack": "",
          "importFlag": 0,
          "transformList": ""
        },
        "canvas": "CA~1000~1000~#FFFFFF~yes~#CCCCCC~5~1000~1000~line~5~pixel~5~0~0",
        "shape": [
          "LIB~0~-806~package`NONE`Manufacturer Part`?`spicePre`.`~~0~frame_lib_1~~~0~8348efefd86c8a95~yes~yes~~~#@$T~N~570.59~-809~0~#000080~Arial~~~~~comment~A~0~start~gge223~0~pinpart#@$PT~M 206 -796 L 206 -806 M 206 -10 L 206 0 M 402 -796 L 402 -806 M 402 -10 L 402 0 M 598 -796 L 598 -806 M 598 -10 L 598 0 M 794 -796 L 794 -806 M 794 -10 L 794 0 M 990 -796 L 990 -806 M 990 -10 L 990 0 M 10 -600 L 0 -600 M 1139 -600 L 1149 -600 M 10 -404 L 0 -404 M 1139 -404 L 1149 -404 M 10 -208 L 0 -208 M 1139 -208 L 1149 -208 M 10 -12 L 0 -12 M 1139 -12 L 1149 -12~#880000~1~0~none~gge10~0~frame_tick#@$T~P~571.37~-818.34~0~#000080~Arial~~~~~comment~A~0~start~gge220~0~pinpart#@$T~L~1.5~-698~0~#880000~~~~~~comment~A~1~start~gge13~0~frame_tick#@$T~L~1140.5~-698~0~#880000~~~~~~comment~A~1~start~gge19~0~frame_tick#@$T~L~1.5~-502~0~#880000~~~~~~comment~B~1~start~gge25~0~frame_tick#@$T~L~1140.5~-502~0~#880000~~~~~~comment~B~1~start~gge31~0~frame_tick#@$T~L~1.5~-306~0~#880000~~~~~~comment~C~1~start~gge37~0~frame_tick#@$T~L~1140.5~-306~0~#880000~~~~~~comment~C~1~start~gge43~0~frame_tick#@$T~L~1.5~-110~0~#880000~~~~~~comment~D~1~start~gge49~0~frame_tick#@$T~L~1140.5~-110~0~#880000~~~~~~comment~D~1~start~gge55~0~frame_tick#@$T~L~108~-797.5~0~#880000~~~~~~comment~1~1~start~gge61~0~frame_tick#@$T~L~108~-1.5~0~#880000~~~~~~comment~1~1~start~gge67~0~frame_tick#@$T~L~304~-797.5~0~#880000~~~~~~comment~2~1~start~gge73~0~frame_tick#@$T~L~304~-1.5~0~#880000~~~~~~comment~2~1~start~gge79~0~frame_tick#@$T~L~500~-797.5~0~#880000~~~~~~comment~3~1~start~gge85~0~frame_tick#@$T~L~500~-1.5~0~#880000~~~~~~comment~3~1~start~gge91~0~frame_tick#@$T~L~696~-797.5~0~#880000~~~~~~comment~4~1~start~gge97~0~frame_tick#@$T~L~696~-1.5~0~#880000~~~~~~comment~4~1~start~gge103~0~frame_tick#@$T~L~892~-797.5~0~#880000~~~~~~comment~5~1~start~gge109~0~frame_tick#@$T~L~892~-1.5~0~#880000~~~~~~comment~5~1~start~gge115~0~frame_tick#@$R~10~-796~~~1129~786~#880000~1~0~none~gge121~0~frame_innerbox#@$R~0~-806~~~1149~806~#880000~1~0~none~gge124~0~frame_outbox#@$R~694.99995~-90~~~444~80~#880000~1~0~none~gge127~0~frame_hitarea#@$PL~695.1 -50.75 1138.63 -50.75~#880000~1~0~none~gge130~0#@$PL~799.63 -30.75 1138.63 -30.75~#880000~1~0~none~gge133~0#@$PL~1059.61 -89.93 1059.63 -50.75~#880000~1~0~none~gge136~0#@$PL~1059.63 -50.75 1059.63 -30.75~#880000~1~0~none~gge139~0#@$T~L~699.99995~-77~0~#880000~~8pt~~~~comment~TITLE:~1~start~gge142~0~pinpart#@$T~L~757.62495~-64.41~0~#0000FF~~10pt~~~~comment~Sheet_1~1~start~gge148~0~frame_title#@$T~L~1064.62495~-63.75~0~#880000~~8pt~~~~comment~REV:~1~start~gge154~0~pinpart#@$T~L~1102.62495~-63.75~0~#0000FF~~9pt~~~~comment~1.0~1~start~gge160~0~frame_version#@$T~L~804.62495~-15~0~#880000~~8pt~~~~comment~Date:~1~start~gge166~0~pinpart#@$T~L~851.62495~-14.52~0~#0000FF~~9pt~~~~comment~2025-03-30~1~start~gge172~0~frame_date#@$T~L~1063.62495~-35~0~#880000~~8pt~~~~comment~Sheet:~1~start~gge178~0~pinpart#@$T~L~1108.62495~-34.52~0~#0000FF~~9pt~~~~comment~1/1~1~start~gge184~0~frame_sheet#@$T~L~943.62495~-14.75~0~#880000~~8pt~~~~comment~Drawn By:~1~start~gge190~0~pinpart#@$T~L~1008.63~-14.75~0~#0000FF~~9pt~~~~comment~OM~1~start~gge196~0~frame_drawn#@$T~L~804.62495~-36.75~0~#880000~~8pt~~~~comment~Company:~1~start~gge202~0~pinpart#@$T~L~871.24995~-36.64~0~#0000FF~~9pt~~~~comment~Your Company~1~start~gge208~0~frame_company#@$PL~799.63 -50.75 799.63 -10.75~#880000~1~0~none~gge214~0",
          "LIB~580~-625~package`COMM-TH_ARDUINO_NANO`Contributor`lcsc`Supplier`LCSC`Supplier Part`C9900017879`Manufacturer`null`Manufacturer Part`ARDUINO_NANO`JLCPCB Part Class`Extended Part`spicePre`U`spiceSymbolName`ARDUINO_NANO`~~0~gge936b97ac2e50253e~ff6e2030776d4574a7594ce501bb86c5~b7adf400643b4936be8b786704d0e70f~0~62fb5910f41b656a~yes~none~d29c39235fd4411faa9f4ac014881d50~1714241276~766f0ff24d244e2b9d869dca9173cfc7#@$T~N~542.55~-706.82~0~#000080~Arial~~~~~comment~ARDUINO_NANO~1~start~gge80984~0~pinpart#@$T~P~574.14~-717.72~0~#000080~Arial~~~~~comment~U1~1~start~gge80990~0~pinpart#@$R~540~-705~2~2~80~160~#880000~1~0~none~gge80996~0~#@$E~545~-700~1.5~1.5~#880000~1~0~#880000~gge80999~0#@$P~show~0~1~530~-695~180~gge81002~0^^530~-695^^M 530 -695 h 10~#880000^^1~543.7~-691~0~D1/TX~start~~~#0000FF^^1~539.5~-696~0~1~end~~~#0000FF^^0~537~-695^^0~M 540 -692 L 543 -695 L 540 -698#@$P~show~0~2~530~-685~180~gge81023~0^^530~-685^^M 530 -685 h 10~#880000^^1~543.7~-681~0~D0/RX~start~~~#0000FF^^1~539.5~-686~0~2~end~~~#0000FF^^0~537~-685^^0~M 540 -682 L 543 -685 L 540 -688#@$P~show~0~3~530~-675~180~gge81044~0^^530~-675^^M 530 -675 h 10~#880000^^1~543.7~-671~0~RESET~start~~~#0000FF^^1~539.5~-676~0~3~end~~~#0000FF^^0~537~-675^^0~M 540 -672 L 543 -675 L 540 -678#@$P~show~0~4~530~-665~180~gge81065~0^^530~-665^^M 530 -665 h 10~#000000^^1~543.7~-661~0~GND~start~~~#000000^^1~539.5~-666~0~4~end~~~#000000^^0~537~-665^^0~M 540 -662 L 543 -665 L 540 -668#@$P~show~0~5~530~-655~180~gge81086~0^^530~-655^^M 530 -655 h 10~#880000^^1~543.7~-651~0~D2~start~~~#0000FF^^1~539.5~-656~0~5~end~~~#0000FF^^0~537~-655^^0~M 540 -652 L 543 -655 L 540 -658#@$P~show~0~6~530~-645~180~gge81107~0^^530~-645^^M 530 -645 h 10~#880000^^1~543.7~-641~0~D3~start~~~#0000FF^^1~539.5~-646~0~6~end~~~#0000FF^^0~537~-645^^0~M 540 -642 L 543 -645 L 540 -648#@$P~show~0~7~530~-635~180~gge81128~0^^530~-635^^M 530 -635 h 10~#880000^^1~543.7~-631~0~D4~start~~~#0000FF^^1~539.5~-636~0~7~end~~~#0000FF^^0~537~-635^^0~M 540 -632 L 543 -635 L 540 -638#@$P~show~0~8~530~-625~180~gge81149~0^^530~-625^^M 530 -625 h 10~#880000^^1~543.7~-621~0~D5~start~~~#0000FF^^1~539.5~-626~0~8~end~~~#0000FF^^0~537~-625^^0~M 540 -622 L 543 -625 L 540 -628#@$P~show~0~9~530~-615~180~gge81170~0^^530~-615^^M 530 -615 h 10~#880000^^1~543.7~-611~0~D6~start~~~#0000FF^^1~539.5~-616~0~9~end~~~#0000FF^^0~537~-615^^0~M 540 -612 L 543 -615 L 540 -618#@$P~show~0~10~530~-605~180~gge81191~0^^530~-605^^M 530 -605 h 10~#880000^^1~543.7~-601~0~D7~start~~~#0000FF^^1~539.5~-606~0~10~end~~~#0000FF^^0~537~-605^^0~M 540 -602 L 543 -605 L 540 -608#@$P~show~0~11~530~-595~180~gge81212~0^^530~-595^^M 530 -595 h 10~#880000^^1~543.7~-591~0~D8~start~~~#0000FF^^1~539.5~-596~0~11~end~~~#0000FF^^0~537~-595^^0~M 540 -592 L 543 -595 L 540 -598#@$P~show~0~12~530~-585~180~gge81233~0^^530~-585^^M 530 -585 h 10~#880000^^1~543.7~-581~0~D9~start~~~#0000FF^^1~539.5~-586~0~12~end~~~#0000FF^^0~537~-585^^0~M 540 -582 L 543 -585 L 540 -588#@$P~show~0~13~530~-575~180~gge81254~0^^530~-575^^M 530 -575 h 10~#880000^^1~543.7~-571~0~D10~start~~~#0000FF^^1~539.5~-576~0~13~end~~~#0000FF^^0~537~-575^^0~M 540 -572 L 543 -575 L 540 -578#@$P~show~0~14~530~-565~180~gge81275~0^^530~-565^^M 530 -565 h 10~#880000^^1~543.7~-561~0~D11~start~~~#0000FF^^1~539.5~-566~0~14~end~~~#0000FF^^0~537~-565^^0~M 540 -562 L 543 -565 L 540 -568#@$P~show~0~15~530~-555~180~gge81296~0^^530~-555^^M 530 -555 h 10~#880000^^1~543.7~-551~0~D12~start~~~#0000FF^^1~539.5~-556~0~15~end~~~#0000FF^^0~537~-555^^0~M 540 -552 L 543 -555 L 540 -558#@$P~show~0~16~630~-555~0~gge81317~0^^630~-555^^M 630 -555 h -10~#880000^^1~616.3~-551~0~D13~end~~~#0000FF^^1~620.5~-556~0~16~start~~~#0000FF^^0~623~-555^^0~M 620 -558 L 617 -555 L 620 -552#@$P~show~0~17~630~-565~0~gge81338~0^^630~-565^^M 630 -565 h -10~#880000^^1~616.3~-561~0~3V3~end~~~#0000FF^^1~620.5~-566~0~17~start~~~#0000FF^^0~623~-565^^0~M 620 -568 L 617 -565 L 620 -562#@$P~show~0~18~630~-575~0~gge81359~0^^630~-575^^M 630 -575 h -10~#880000^^1~616.3~-571~0~AREF~end~~~#0000FF^^1~620.5~-576~0~18~start~~~#0000FF^^0~623~-575^^0~M 620 -578 L 617 -575 L 620 -572#@$P~show~0~19~630~-585~0~gge81380~0^^630~-585^^M 630 -585 h -10~#880000^^1~616.3~-581~0~A0~end~~~#0000FF^^1~620.5~-586~0~19~start~~~#0000FF^^0~623~-585^^0~M 620 -588 L 617 -585 L 620 -582#@$P~show~0~20~630~-595~0~gge81401~0^^630~-595^^M 630 -595 h -10~#880000^^1~616.3~-591~0~A1~end~~~#0000FF^^1~620.5~-596~0~20~start~~~#0000FF^^0~623~-595^^0~M 620 -598 L 617 -595 L 620 -592#@$P~show~0~21~630~-605~0~gge81422~0^^630~-605^^M 630 -605 h -10~#880000^^1~616.3~-601~0~A2~end~~~#0000FF^^1~620.5~-606~0~21~start~~~#0000FF^^0~623~-605^^0~M 620 -608 L 617 -605 L 620 -602#@$P~show~0~22~630~-615~0~gge81443~0^^630~-615^^M 630 -615 h -10~#880000^^1~616.3~-611~0~A3~end~~~#0000FF^^1~620.5~-616~0~22~start~~~#0000FF^^0~623~-615^^0~M 620 -618 L 617 -615 L 620 -612#@$P~show~0~23~630~-625~0~gge81464~0^^630~-625^^M 630 -625 h -10~#880000^^1~616.3~-621~0~A4~end~~~#0000FF^^1~620.5~-626~0~23~start~~~#0000FF^^0~623~-625^^0~M 620 -628 L 617 -625 L 620 -622#@$P~show~0~24~630~-635~0~gge81485~0^^630~-635^^M 630 -635 h -10~#880000^^1~616.3~-631~0~A5~end~~~#0000FF^^1~620.5~-636~0~24~start~~~#0000FF^^0~623~-635^^0~M 620 -638 L 617 -635 L 620 -632#@$P~show~0~25~630~-645~0~gge81506~0^^630~-645^^M 630 -645 h -10~#880000^^1~616.3~-641~0~A6~end~~~#0000FF^^1~620.5~-646~0~25~start~~~#0000FF^^0~623~-645^^0~M 620 -648 L 617 -645 L 620 -642#@$P~show~0~26~630~-655~0~gge81527~0^^630~-655^^M 630 -655 h -10~#880000^^1~616.3~-651~0~A7~end~~~#0000FF^^1~620.5~-656~0~26~start~~~#0000FF^^0~623~-655^^0~M 620 -658 L 617 -655 L 620 -652#@$P~show~0~27~630~-665~0~gge81548~0^^630~-665^^M 630 -665 h -10~#880000^^1~616.3~-661~0~+5V~end~~~#0000FF^^1~620.5~-666~0~27~start~~~#0000FF^^0~623~-665^^0~M 620 -668 L 617 -665 L 620 -662#@$P~show~0~28~630~-675~0~gge81569~0^^630~-675^^M 630 -675 h -10~#880000^^1~616.3~-671~0~RESET~end~~~#0000FF^^1~620.5~-676~0~28~start~~~#0000FF^^0~623~-675^^0~M 620 -678 L 617 -675 L 620 -672#@$P~show~0~29~630~-685~0~gge81590~0^^630~-685^^M 630 -685 h -10~#000000^^1~616.3~-681~0~GND~end~~~#000000^^1~620.5~-686~0~29~start~~~#000000^^0~623~-685^^0~M 620 -688 L 617 -685 L 620 -682#@$P~show~0~30~630~-695~0~gge81611~0^^630~-695^^M 630 -695 h -10~#880000^^1~616.3~-691~0~VIN~end~~~#0000FF^^1~620.5~-696~0~30~start~~~#0000FF^^0~623~-695^^0~M 620 -698 L 617 -695 L 620 -692",
          "W~630 -625 685 -625 685 -645 700 -645~#008800~1~0~none~gge91150~0",
          "W~630 -635 700 -635~#008800~1~0~none~gge91156~0",
          "R~405~-790~~~420~265~#000000~1~0~none~gge91168~0~",
          "R~15~-790~~~385~265~#000000~1~0~none~gge91174~0~",
          "T~L~550~-765~0~#0000FF~~16pt~~~~comment~MCU+IMU~1~start~gge91177~0~pinpart",
          "T~L~170~-765~0~#0000FF~~16pt~undefined~undefined~~comment~POWER~1~start~gge91189~0~pinpart",
          "LIB~165~-730~package`MT3608BOARD`Manufacturer``Manufacturer Part``Supplier Part``Supplier``link``Contributor`joker.0656`spicePre`U`spiceSymbolName`MT3608BOARD`~~0~ggedb1fc387f4f9da7f~7a906395c0b745ada02688ff12d02d9b~5d48a7c388cb461ba278e15a95794d10~0~50125e9455f17b40~yes~yes~~1607466676~#@$T~N~187.88~-731.82~0~#000080~Arial~~~~~comment~MT3608~0~start~gge94528~0~pinpart#@$T~P~199.03~-731.81~0~#000080~Arial~~~~~comment~U2~1~start~gge94318~0~pinpart#@$R~165~-730~6~6~80~50~#000000~1~0~none~gge94324~0~#@$T~L~185~-705~0~#0000FF~~7.5pt~~~~comment~MT3608~1~start~gge94327~0~pinpart#@$P~show~0~3~145~-720~180~gge94333~0^^145~-720^^M 145 -720 h 20~#880000^^1~167~-717~0~VOUT+~start~~5.5pt~#0000FF^^1~140~-716~0~3~end~~5.5pt~#0000FF^^0~162~-720^^0~M 165 -717 L 168 -720 L 165 -723#@$P~show~0~4~145~-690~180~gge94354~0^^145~-690^^M 145 -690 h 20~#880000^^1~167~-687~0~VOUT-~start~~5.5pt~#0000FF^^1~140~-686~0~4~end~~5.5pt~#0000FF^^0~162~-690^^0~M 165 -687 L 168 -690 L 165 -693#@$P~show~0~2~265~-690~0~gge94375~0^^265~-690^^M 265 -690 h -20~#880000^^1~243~-687~0~VIN-~end~~5.5pt~#0000FF^^1~270~-686~0~2~start~~5.5pt~#0000FF^^0~248~-690^^0~M 245 -693 L 242 -690 L 245 -687#@$P~show~0~1~265~-720~0~gge94396~0^^265~-720^^M 265 -720 h -20~#880000^^1~243~-717~0~VIN+~end~~5.5pt~#0000FF^^1~270~-716~0~1~start~~5.5pt~#0000FF^^0~248~-720^^0~M 245 -723 L 242 -720 L 245 -717",
          "F~part_netLabel_GNd~265~-725~180~gge94549~~0^^265~-725^^VIN+~#000000~252~-744.1~0~start~1~Times New Roman~9pt~flag_gge7^^PL~265 -735 265 -725~#000000~1~0~transparent~gge94561~0^^PL~265 -735 255 -735 265 -741 275 -735 265 -735~#000000~1~0~transparent~gge94564~0",
          "W~130 -720 145 -720~#008800~1~0~none~gge94588~0",
          "W~300 -710 285 -710 285 -720 265 -720 265 -725~#008800~1~0~none~gge94603~0",
          "F~part_netLabel_gnD~130~-690~270~gge94606~~0^^130~-690^^GND~#000000~87.51~-685.99~0~start~1~Times New Roman~9pt~flag_gge10^^PL~120 -690 130 -690~#000000~1~0~transparent~gge94618~0^^PL~120 -699 120 -681~#000000~1~0~transparent~gge94621~0^^PL~118 -696 118 -684~#000000~1~0~transparent~gge94624~0^^PL~116 -693 116 -687~#000000~1~0~transparent~gge94627~0^^PL~114 -691 114 -689~#000000~1~0~transparent~gge94630~0",
          "W~130 -690 145 -690~#008800~1~0~none~gge94693~0",
          "LIB~315~-705~package`CONNECTOR_PINHEADER_2.54MM:PINHEADER_1X11_P_2.54MM`Supplier`LCSC`Manufacturer`BOOMELE`Manufacturer Part`Female headerHDR1X8-2.54`Supplier Part`C27438`JLCPCB Part Class`Extended Part`Contributor`merrittcvds`spicePre`P`spiceSymbolName`HEADER PAD 2X`~~0~gge6f0a608303d773d0~1b814768265b4c649a74d5ecfe7676bc~f68b5666bd4f42f698e598a9ef63253f~0~bb228f7fd652cf37~yes~yes~1eb6ca02f68d4a258ce9918a724d0d08~1713905169~2e6b824d26ba4573b38b99f44802eeae#@$T~N~338.18~-682.68~270~#000080~Arial~~~~~comment~2 Pin Header~1~start~gge113782~0~pinpart#@$T~P~314.29~-721.81~0~#000080~Arial~~~~~comment~P2~1~start~gge113788~0~pinpart#@$P~show~~1~300~-710~180~gge113794~0^^300~-710^^M 300 -710 h 10~#000000^^1~315~-707~0~+~start~~7.0pt~#000000^^0~310~-711~0~1~end~~7.0pt~#000000^^0~307~-710^^0~M 310 -707 L 313 -710 L 310 -713#@$P~show~~2~300~-700~180~gge113815~0^^300~-700^^M 300 -700 h 10~#000000^^1~315~-697~0~-~start~~7.0pt~#000000^^0~310~-701~0~2~end~~7.0pt~#000000^^0~307~-700^^0~M 310 -697 L 313 -700 L 310 -703#@$R~310~-720~~~20~25~#000000~1~0~none~gge113836~0~",
          "W~265 -690 285 -690 285 -700 300 -700~#008800~1~0~none~gge113906~0",
          "F~part_netLabel_gnD~265~-690~0~gge113909~~0^^265~-690^^BGND~#000000~252~-662.81~0~start~1~Times New Roman~9pt~flag_gge13^^PL~265 -680 265 -690~#000000~1~0~transparent~gge113921~0^^PL~256 -680 274 -680~#000000~1~0~transparent~gge113924~0^^PL~259 -678 271 -678~#000000~1~0~transparent~gge113927~0^^PL~262 -676 268 -676~#000000~1~0~transparent~gge113930~0^^PL~264 -674 266 -674~#000000~1~0~transparent~gge113933~0",
          "F~part_netLabel_GNd~635~-705~90~gge113967~~0^^635~-705^^+5V~#000000~651.5~-700.94~0~start~1~Times New Roman~9pt~flag_gge16^^PL~645 -705 635 -705~#000000~1~0~transparent~gge113979~0^^PL~645 -705 645 -715 651 -705 645 -695 645 -705~#000000~1~0~transparent~gge113982~0",
          "W~635 -705 635 -695 630 -695~#008800~1~0~none~gge113985~0",
          "F~part_netLabel_GNd~700~-670~270~gge114015~~0^^700~-670^^+5V~#000000~664.28~-670.95~0~start~1~Times New Roman~9pt~flag_gge19^^PL~690 -670 700 -670~#000000~1~0~transparent~gge114027~0^^PL~690 -670 690 -660 684 -670 690 -680 690 -670~#000000~1~0~transparent~gge114030~0",
          "F~part_netLabel_gnD~635~-685~90~gge114039~~0^^635~-685^^GND~#000000~651.5~-680.94~0~start~1~Times New Roman~9pt~flag_gge22^^PL~645 -685 635 -685~#000000~1~0~transparent~gge114051~0^^PL~645 -676 645 -694~#000000~1~0~transparent~gge114054~0^^PL~647 -679 647 -691~#000000~1~0~transparent~gge114057~0^^PL~649 -682 649 -688~#000000~1~0~transparent~gge114060~0^^PL~651 -684 651 -686~#000000~1~0~transparent~gge114063~0",
          "W~635 -685 630 -685~#008800~1~0~none~gge114066~0",
          "F~part_netLabel_gnD~530~-665~270~gge114072~~0^^530~-665^^GND~#000000~487.51~-660.99~0~start~1~Times New Roman~9pt~flag_gge25^^PL~520 -665 530 -665~#000000~1~0~transparent~gge114084~0^^PL~520 -674 520 -656~#000000~1~0~transparent~gge114087~0^^PL~518 -671 518 -659~#000000~1~0~transparent~gge114090~0^^PL~516 -668 516 -662~#000000~1~0~transparent~gge114093~0^^PL~514 -666 514 -664~#000000~1~0~transparent~gge114096~0",
          "F~part_netLabel_gnD~695~-655~270~gge114102~~0^^695~-655^^GND~#000000~652.51~-650.99~0~start~1~Times New Roman~9pt~flag_gge28^^PL~685 -655 695 -655~#000000~1~0~transparent~gge114114~0^^PL~685 -664 685 -646~#000000~1~0~transparent~gge114117~0^^PL~683 -661 683 -649~#000000~1~0~transparent~gge114120~0^^PL~681 -658 681 -652~#000000~1~0~transparent~gge114123~0^^PL~679 -656 679 -654~#000000~1~0~transparent~gge114126~0",
          "LIB~880~-645~package`TO-220AB-3_L10.4-W4.5-P2.54-L`Contributor`LCSC`Supplier`LCSC`Supplier Part`C538129`Manufacturer`Infineon(英飞凌)`Manufacturer Part`IRL520NPBF`JLCPCB Part Class`Extended Part`spicePre`Q`spiceSymbolName`IRL520NPBF`~270~0~gge052ab627577ae305~a01183b9491c48d6ae27d6d9061098df~0f3baa12a82e48868bb79f05ddc15770~0~301e95b2acbe9389~yes~yes~2cf96866988e478e93f62ac97a1728a5~1736582763~97cb31889cff4fc588ea6bde87ef5314#@$T~N~852.51~-611.82~0~#000080~Arial~~~~~comment~IRL520NPBF~0~start~gge122688~0~pinpart#@$T~P~873.77~-622.41~0~#000080~Arial~~~~~comment~Q1~1~start~gge114807~0~pinpart#@$P~show~0~3~860~-645~180~gge114813~0^^860~-645^^M 860 -645 h 10~#880000^^0~873~-642~0~S~start~~~#0000FF^^0~869~-646~0~3~end~~~#0000FF^^0~867~-645^^0~M 870 -642 L 873 -645 L 870 -648#@$P~show~0~1~880~-675~90~gge114834~0^^880~-675^^M 880 -675 v 10~#880000^^0~883~-662~270~G~end~~~#0000FF^^0~879~-666~270~1~start~~~#0000FF^^0~880~-668^^0~M 877 -665 L 880 -662 L 883 -665#@$P~show~0~2~900~-645~0~gge114855~0^^900~-645^^M 900 -645 h -10~#880000^^0~887~-642~0~D~end~~~#0000FF^^0~891~-646~0~2~start~~~#0000FF^^0~893~-645^^0~M 890 -648 L 887 -645 L 890 -642#@$PL~882 -631 882 -633 882 -637 882 -639~#880000~1~0~none~gge114876~0#@$PL~880 -665 880 -657~#880000~1~0~none~gge114879~0#@$PL~871 -655 875 -655~#880000~1~0~none~gge114882~0#@$PL~878 -655 882 -655~#880000~1~0~none~gge114885~0#@$PL~889 -655 885 -655~#880000~1~0~none~gge114888~0#@$PL~889 -657 871 -657~#880000~1~0~none~gge114891~0#@$PL~873 -645 873 -655~#880000~1~0~none~gge114894~0#@$PL~880 -655 880 -645 870 -645 870 -635 877 -635~#880000~1~0~none~gge114897~0#@$PL~887 -655 887 -645 890 -645 890 -635 882 -635~#880000~1~0~none~gge114900~0#@$PG~882 -635 877 -638 877 -632~#880000~1~0~#880000~gge114903~0#@$PG~880 -655 882 -649 878 -649~#880000~1~0~#880000~gge114906~0",
          "LIB~945~-645~package`TO-220AB-3_L10.4-W4.5-P2.54-L`Contributor`LCSC`Supplier`LCSC`Supplier Part`C538129`Manufacturer`Infineon(英飞凌)`Manufacturer Part`IRL520NPBF`JLCPCB Part Class`Extended Part`spicePre`Q`spiceSymbolName`IRL520NPBF`~270~0~gge0594e4ca63d2d7dd~a01183b9491c48d6ae27d6d9061098df~0f3baa12a82e48868bb79f05ddc15770~0~c1fd807969e8a8eb~yes~yes~2cf96866988e478e93f62ac97a1728a5~1736582763~97cb31889cff4fc588ea6bde87ef5314#@$T~N~922.51~-611.82~0~#000080~Arial~~~~~comment~IRL520NPBF~0~start~gge122691~0~pinpart#@$T~P~938.77~-622.41~0~#000080~Arial~~~~~comment~Q2~1~start~gge114921~0~pinpart#@$P~show~0~3~925~-645~180~gge114927~0^^925~-645^^M 925 -645 h 10~#880000^^0~938~-642~0~S~start~~~#0000FF^^0~934~-646~0~3~end~~~#0000FF^^0~932~-645^^0~M 935 -642 L 938 -645 L 935 -648#@$P~show~0~1~945~-675~90~gge114948~0^^945~-675^^M 945 -675 v 10~#880000^^0~948~-662~270~G~end~~~#0000FF^^0~944~-666~270~1~start~~~#0000FF^^0~945~-668^^0~M 942 -665 L 945 -662 L 948 -665#@$P~show~0~2~965~-645~0~gge114969~0^^965~-645^^M 965 -645 h -10~#880000^^0~952~-642~0~D~end~~~#0000FF^^0~956~-646~0~2~start~~~#0000FF^^0~958~-645^^0~M 955 -648 L 952 -645 L 955 -642#@$PL~947 -631 947 -633 947 -637 947 -639~#880000~1~0~none~gge114990~0#@$PL~945 -665 945 -657~#880000~1~0~none~gge114993~0#@$PL~936 -655 940 -655~#880000~1~0~none~gge114996~0#@$PL~943 -655 947 -655~#880000~1~0~none~gge114999~0#@$PL~954 -655 950 -655~#880000~1~0~none~gge115002~0#@$PL~954 -657 936 -657~#880000~1~0~none~gge115005~0#@$PL~938 -645 938 -655~#880000~1~0~none~gge115008~0#@$PL~945 -655 945 -645 935 -645 935 -635 942 -635~#880000~1~0~none~gge115011~0#@$PL~952 -655 952 -645 955 -645 955 -635 947 -635~#880000~1~0~none~gge115014~0#@$PG~947 -635 942 -638 942 -632~#880000~1~0~#880000~gge115017~0#@$PG~945 -655 947 -649 943 -649~#880000~1~0~#880000~gge115020~0",
          "LIB~1010~-645~package`TO-220AB-3_L10.4-W4.5-P2.54-L`Contributor`LCSC`Supplier`LCSC`Supplier Part`C538129`Manufacturer`Infineon(英飞凌)`Manufacturer Part`IRL520NPBF`JLCPCB Part Class`Extended Part`spicePre`Q`spiceSymbolName`IRL520NPBF`~270~0~gge431b4a51098a8c29~a01183b9491c48d6ae27d6d9061098df~0f3baa12a82e48868bb79f05ddc15770~0~65e3267511b66a6f~yes~yes~2cf96866988e478e93f62ac97a1728a5~1736582763~97cb31889cff4fc588ea6bde87ef5314#@$T~N~987.51~-611.82~0~#000080~Arial~~~~~comment~IRL520NPBF~0~start~gge122694~0~pinpart#@$T~P~1003.77~-622.41~0~#000080~Arial~~~~~comment~Q3~1~start~gge115035~0~pinpart#@$P~show~0~3~990~-645~180~gge115041~0^^990~-645^^M 990 -645 h 10~#880000^^0~1003~-642~0~S~start~~~#0000FF^^0~999~-646~0~3~end~~~#0000FF^^0~997~-645^^0~M 1000 -642 L 1003 -645 L 1000 -648#@$P~show~0~1~1010~-675~90~gge115062~0^^1010~-675^^M 1010 -675 v 10~#880000^^0~1013~-662~270~G~end~~~#0000FF^^0~1009~-666~270~1~start~~~#0000FF^^0~1010~-668^^0~M 1007 -665 L 1010 -662 L 1013 -665#@$P~show~0~2~1030~-645~0~gge115083~0^^1030~-645^^M 1030 -645 h -10~#880000^^0~1017~-642~0~D~end~~~#0000FF^^0~1021~-646~0~2~start~~~#0000FF^^0~1023~-645^^0~M 1020 -648 L 1017 -645 L 1020 -642#@$PL~1012 -631 1012 -633 1012 -637 1012 -639~#880000~1~0~none~gge115104~0#@$PL~1010 -665 1010 -657~#880000~1~0~none~gge115107~0#@$PL~1001 -655 1005 -655~#880000~1~0~none~gge115110~0#@$PL~1008 -655 1012 -655~#880000~1~0~none~gge115113~0#@$PL~1019 -655 1015 -655~#880000~1~0~none~gge115116~0#@$PL~1019 -657 1001 -657~#880000~1~0~none~gge115119~0#@$PL~1003 -645 1003 -655~#880000~1~0~none~gge115122~0#@$PL~1010 -655 1010 -645 1000 -645 1000 -635 1007 -635~#880000~1~0~none~gge115125~0#@$PL~1017 -655 1017 -645 1020 -645 1020 -635 1012 -635~#880000~1~0~none~gge115128~0#@$PG~1012 -635 1007 -638 1007 -632~#880000~1~0~#880000~gge115131~0#@$PG~1010 -655 1012 -649 1008 -649~#880000~1~0~#880000~gge115134~0",
          "LIB~1075~-645~package`TO-220AB-3_L10.4-W4.5-P2.54-L`Contributor`LCSC`Supplier`LCSC`Supplier Part`C538129`Manufacturer`Infineon(英飞凌)`Manufacturer Part`IRL520NPBF`JLCPCB Part Class`Extended Part`spicePre`Q`spiceSymbolName`IRL520NPBF`~270~0~gge3134f356d196157c~a01183b9491c48d6ae27d6d9061098df~0f3baa12a82e48868bb79f05ddc15770~0~8e3b02c149e13f41~yes~yes~2cf96866988e478e93f62ac97a1728a5~1736582763~97cb31889cff4fc588ea6bde87ef5314#@$T~N~1052.51~-611.82~0~#000080~Arial~~~~~comment~IRL520NPBF~0~start~gge122697~0~pinpart#@$T~P~1068.77~-622.41~0~#000080~Arial~~~~~comment~Q4~1~start~gge115149~0~pinpart#@$P~show~0~3~1055~-645~180~gge115155~0^^1055~-645^^M 1055 -645 h 10~#880000^^0~1068~-642~0~S~start~~~#0000FF^^0~1064~-646~0~3~end~~~#0000FF^^0~1062~-645^^0~M 1065 -642 L 1068 -645 L 1065 -648#@$P~show~0~1~1075~-675~90~gge115176~0^^1075~-675^^M 1075 -675 v 10~#880000^^0~1078~-662~270~G~end~~~#0000FF^^0~1074~-666~270~1~start~~~#0000FF^^0~1075~-668^^0~M 1072 -665 L 1075 -662 L 1078 -665#@$P~show~0~2~1095~-645~0~gge115197~0^^1095~-645^^M 1095 -645 h -10~#880000^^0~1082~-642~0~D~end~~~#0000FF^^0~1086~-646~0~2~start~~~#0000FF^^0~1088~-645^^0~M 1085 -648 L 1082 -645 L 1085 -642#@$PL~1077 -631 1077 -633 1077 -637 1077 -639~#880000~1~0~none~gge115218~0#@$PL~1075 -665 1075 -657~#880000~1~0~none~gge115221~0#@$PL~1066 -655 1070 -655~#880000~1~0~none~gge115224~0#@$PL~1073 -655 1077 -655~#880000~1~0~none~gge115227~0#@$PL~1084 -655 1080 -655~#880000~1~0~none~gge115230~0#@$PL~1084 -657 1066 -657~#880000~1~0~none~gge115233~0#@$PL~1068 -645 1068 -655~#880000~1~0~none~gge115236~0#@$PL~1075 -655 1075 -645 1065 -645 1065 -635 1072 -635~#880000~1~0~none~gge115239~0#@$PL~1082 -655 1082 -645 1085 -645 1085 -635 1077 -635~#880000~1~0~none~gge115242~0#@$PG~1077 -635 1072 -638 1072 -632~#880000~1~0~#880000~gge115245~0#@$PG~1075 -655 1077 -649 1073 -649~#880000~1~0~#880000~gge115248~0",
          "R~830~-790~~~305~265~#000000~1~0~none~gge117279~0~",
          "T~L~965~-765~0~#0000FF~~16pt~undefined~undefined~~comment~ESC~1~start~gge117282~0~pinpart",
          "LIB~880~-695~package`R1206`nameAlias`Value(Ω)`Supplier Part``Supplier``Contributor`LCEDA_Lib`spicePre`R`spiceSymbolName`R_1206_EU`Manufacturer Part``~90~0~ggea51340450c1123eb~8e9b1be4bcb6420dbd1d09bf04b02792~2fa53d590f544429ab8fcbd581d715c1~0~db470bbc525bab88~yes~yes~~1586862260~#@$T~N~887~-682.73~0~#000080~Arial~~~~~comment~1k~1~start~gge121590~0~pinpart#@$T~P~889.55~-691.77~0~#000080~Arial~~~~~comment~FL~1~start~gge121596~0~pinpart#@$R~875~-705~~~10~20~#A00000~1~0~none~gge121602~0~#@$P~show~0~2~880~-715~90~gge121605~0^^880~-715^^M 880 -705 v -10~#800^^0~880~-701~270~2~end~~~#800^^0~876~-709~270~2~start~~~#800^^0~880~-728^^0~M 877 -725 L 880 -722 L 883 -725#@$P~show~0~1~880~-675~270~gge121626~0^^880~-675^^M 880 -685 v 10~#800^^0~880~-689~270~1~start~~~#800^^0~876~-681~270~1~end~~~#800^^0~880~-662^^0~M 883 -665 L 880 -668 L 877 -665",
          "LIB~945~-695~package`R1206`nameAlias`Value(Ω)`Supplier Part``Supplier``Contributor`LCEDA_Lib`spicePre`R`spiceSymbolName`R_1206_EU`Manufacturer Part``~90~0~ggeeeb1011433862819~8e9b1be4bcb6420dbd1d09bf04b02792~2fa53d590f544429ab8fcbd581d715c1~0~4db3849345935491~yes~yes~~1586862260~#@$T~N~952~-682.73~0~#000080~Arial~~~~~comment~1k~1~start~gge121653~0~pinpart#@$T~P~952~-691.68~0~#000080~Arial~~~~~comment~FR~1~start~gge121659~0~pinpart#@$R~940~-705~~~10~20~#A00000~1~0~none~gge121665~0~#@$P~show~0~2~945~-715~90~gge121668~0^^945~-715^^M 945 -705 v -10~#800^^0~945~-701~270~2~end~~~#800^^0~941~-709~270~2~start~~~#800^^0~945~-728^^0~M 942 -725 L 945 -722 L 948 -725#@$P~show~0~1~945~-675~270~gge121689~0^^945~-675^^M 945 -685 v 10~#800^^0~945~-689~270~1~start~~~#800^^0~941~-681~270~1~end~~~#800^^0~945~-662^^0~M 948 -665 L 945 -668 L 942 -665",
          "LIB~1010~-695~package`R1206`nameAlias`Value(Ω)`Supplier Part``Supplier``Contributor`LCEDA_Lib`spicePre`R`spiceSymbolName`R_1206_EU`Manufacturer Part``~90~0~gge04696de21020a528~8e9b1be4bcb6420dbd1d09bf04b02792~2fa53d590f544429ab8fcbd581d715c1~0~8a1fa612bab3c7a1~yes~yes~~1586862260~#@$T~N~1017~-682.73~0~#000080~Arial~~~~~comment~1k~1~start~gge121716~0~pinpart#@$T~P~1017~-691.68~0~#000080~Arial~~~~~comment~RL~1~start~gge121722~0~pinpart#@$R~1005~-705~~~10~20~#A00000~1~0~none~gge121728~0~#@$P~show~0~2~1010~-715~90~gge121731~0^^1010~-715^^M 1010 -705 v -10~#800^^0~1010~-701~270~2~end~~~#800^^0~1006~-709~270~2~start~~~#800^^0~1010~-728^^0~M 1007 -725 L 1010 -722 L 1013 -725#@$P~show~0~1~1010~-675~270~gge121752~0^^1010~-675^^M 1010 -685 v 10~#800^^0~1010~-689~270~1~start~~~#800^^0~1006~-681~270~1~end~~~#800^^0~1010~-662^^0~M 1013 -665 L 1010 -668 L 1007 -665",
          "LIB~1075~-695~package`R1206`nameAlias`Value(Ω)`Supplier Part``Supplier``Contributor`LCEDA_Lib`spicePre`R`spiceSymbolName`R_1206_EU`Manufacturer Part``~90~0~gge52d11be1ebcde39d~8e9b1be4bcb6420dbd1d09bf04b02792~2fa53d590f544429ab8fcbd581d715c1~0~a98011413bfdff36~yes~yes~~1586862260~#@$T~N~1082~-682.73~0~#000080~Arial~~~~~comment~1k~1~start~gge121779~0~pinpart#@$T~P~1082~-691.68~0~#000080~Arial~~~~~comment~RR~1~start~gge121785~0~pinpart#@$R~1070~-705~~~10~20~#A00000~1~0~none~gge121791~0~#@$P~show~0~2~1075~-715~90~gge121794~0^^1075~-715^^M 1075 -705 v -10~#800^^0~1075~-701~270~2~end~~~#800^^0~1071~-709~270~2~start~~~#800^^0~1075~-728^^0~M 1072 -725 L 1075 -722 L 1078 -725#@$P~show~0~1~1075~-675~270~gge121815~0^^1075~-675^^M 1075 -685 v 10~#800^^0~1075~-689~270~1~start~~~#800^^0~1071~-681~270~1~end~~~#800^^0~1075~-662^^0~M 1078 -665 L 1075 -668 L 1072 -665",
          "F~part_netLabel_netPort~520~-585~0~gge121908~~0^^520~-585^^D9~#0000FF~499.96~-581.44~0~~1~Times New Roman~8pt~flag_gge31^^PL~520 -585 515 -580 500 -580 500 -590 515 -590 520 -585~#0000FF~1~0~transparent~gge121920~0",
          "F~part_netLabel_netPort~530~-645~0~gge121941~~0^^530~-645^^D3~#0000FF~523~-641.484~0~end~1~Times New Roman~8pt~flag_gge34^^PL~530 -645 525 -640 510 -640 510 -650 525 -650 530 -645~#0000FF~1~0~transparent~gge121953~0",
          "F~part_netLabel_netPort~520~-615~0~gge122037~~0^^520~-615^^D6~#0000FF~499.3~-611.82~0~~1~Times New Roman~8pt~flag_gge37^^PL~520 -615 515 -610 500 -610 500 -620 515 -620 520 -615~#0000FF~1~0~transparent~gge122049~0",
          "W~265 -580 245 -580~#008800~1~0~none~gge122076~0",
          "F~part_netLabel_gnD~265~-580~90~gge122079~~0^^265~-580^^GND~#000000~282~-575.95~0~start~1~Times New Roman~9pt~flag_gge40^^PL~275 -580 265 -580~#000000~1~0~transparent~gge122091~0^^PL~275 -571 275 -589~#000000~1~0~transparent~gge122094~0^^PL~277 -574 277 -586~#000000~1~0~transparent~gge122097~0^^PL~279 -577 279 -583~#000000~1~0~transparent~gge122100~0^^PL~281 -579 281 -581~#000000~1~0~transparent~gge122103~0",
          "W~310 -570 245 -570~#008800~1~0~none~gge122106~0",
          "F~part_netLabel_GNd~310~-570~90~gge122109~~0^^310~-570^^+5V~#000000~326.5~-565.95~0~start~1~Times New Roman~9pt~flag_gge43^^PL~320 -570 310 -570~#000000~1~0~transparent~gge122121~0^^PL~320 -570 320 -580 326 -570 320 -560 320 -570~#000000~1~0~transparent~gge122124~0",
          "LIB~225~-590~package`BLUETOOTH_HC05`Manufacturer``Manufacturer Part``Supplier Part``Supplier``link``Contributor`otanezlor`spicePre`B`spiceSymbolName`Bluetooth HC05`~180~0~ggec2b4c08be0cfa933~878b9bbe1d944f03beb01952f771ddaf~fb658be3c9984714aef47b384b2a2d31~0~29bc6e8c9b78d36a~yes~yes~~1546805255~#@$T~N~188.18~-552.06~270~#000080~Arial~~~~~comment~Bluetooth HC05~1~start~gge122136~0~pinpart#@$T~P~201.44~-616.82~0~#000080~Arial~~~~~comment~BT~1~start~gge122142~0~pinpart#@$PL~225 -555 192 -555~#8D2323~1~0~none~gge122148~0#@$PL~192 -555 192 -615~#8D2323~1~0~none~gge122151~0#@$PL~192 -615 225 -615~#8D2323~1~0~none~gge122154~0#@$PL~225 -615 225 -555~#8D2323~1~0~none~gge122157~0#@$P~show~0~1~245~-560~0~gge122160~0^^245~-560^^M 245 -560 h -14~#8D2323^^1~222~-557~0~KEY~end~~~#8D2323^^1~231~-561~0~1~start~~~#8D2323^^1~228~-560^^1~M 225 -563 L 222 -560 L 225 -557#@$P~show~0~2~245~-570~0~gge122181~0^^245~-570^^M 245 -570 h -20~#8D2323^^1~222~-567~0~VCC~end~~~#8D2323^^1~231~-571~0~2~start~~~#8D2323^^0~228~-570^^0~M 225 -573 L 222 -570 L 225 -567#@$P~show~0~3~245~-580~0~gge122202~0^^245~-580^^M 245 -580 h -20~#8D2323^^1~222~-577~0~GND~end~~~#8D2323^^1~231~-581~0~3~start~~~#8D2323^^0~228~-580^^0~M 225 -583 L 222 -580 L 225 -577#@$P~show~0~3~245~-590~0~gge122223~0^^245~-590^^M 245 -590 h -20~#8D2323^^1~222~-587~0~TX~end~~~#8D2323^^1~231~-591~0~4~start~~~#8D2323^^0~228~-590^^0~M 225 -593 L 222 -590 L 225 -587#@$P~show~0~3~245~-600~0~gge122244~0^^245~-600^^M 245 -600 h -20~#8D2323^^1~222~-597~0~RX~end~~~#8D2323^^1~231~-601~0~5~start~~~#8D2323^^0~228~-600^^0~M 225 -603 L 222 -600 L 225 -597#@$P~show~0~3~245~-610~0~gge122265~0^^245~-610^^M 245 -610 h -20~#8D2323^^1~222~-607~0~STATE~end~~~#8D2323^^1~231~-611~0~6~start~~~#8D2323^^0~228~-610^^0~M 225 -613 L 222 -610 L 225 -607",
          "F~part_netLabel_netPort~520~-625~0~gge122298~~0^^520~-625^^D5~#0000FF~513~-621.469~0~end~1~Times New Roman~8pt~flag_gge46^^PL~520 -625 515 -620 500 -620 500 -630 515 -630 520 -625~#0000FF~1~0~transparent~gge122310~0",
          "F~part_netLabel_netPort~880~-715~270~gge122334~~0^^880~-715^^D3~#0000FF~883.62~-718.48~270~~1~Times New Roman~8pt~flag_gge49^^PL~880 -715 875 -720 875 -735 885 -735 885 -720 880 -715~#0000FF~1~0~transparent~gge122346~0",
          "F~part_netLabel_netPort~945~-715~270~gge122364~~0^^945~-715^^D6~#0000FF~948.62~-718.48~270~~1~Times New Roman~8pt~flag_gge52^^PL~945 -715 940 -720 940 -735 950 -735 950 -720 945 -715~#0000FF~1~0~transparent~gge122376~0",
          "F~part_netLabel_netPort~1010~-715~270~gge122394~~0^^1010~-715^^D5~#0000FF~1013.62~-718.48~270~~1~Times New Roman~8pt~flag_gge55^^PL~1010 -715 1005 -720 1005 -735 1015 -735 1015 -720 1010 -715~#0000FF~1~0~transparent~gge122406~0",
          "F~part_netLabel_netPort~1075~-715~270~gge122409~~0^^1075~-715^^D9~#0000FF~1078.62~-718.48~270~~1~Times New Roman~8pt~flag_gge58^^PL~1075 -715 1070 -720 1070 -735 1080 -735 1080 -720 1075 -715~#0000FF~1~0~transparent~gge122421~0",
          "F~part_netLabel_gnD~855~-645~180~gge122439~~0^^855~-645^^BGND~#000000~842~-664.17~0~start~1~Times New Roman~9pt~flag_gge61^^PL~855 -655 855 -645~#000000~1~0~transparent~gge122451~0^^PL~864 -655 846 -655~#000000~1~0~transparent~gge122454~0^^PL~861 -657 849 -657~#000000~1~0~transparent~gge122457~0^^PL~858 -659 852 -659~#000000~1~0~transparent~gge122460~0^^PL~856 -661 854 -661~#000000~1~0~transparent~gge122463~0",
          "F~part_netLabel_gnD~920~-645~180~gge122466~~0^^920~-645^^BGND~#000000~907~-664.17~0~start~1~Times New Roman~9pt~flag_gge64^^PL~920 -655 920 -645~#000000~1~0~transparent~gge122478~0^^PL~929 -655 911 -655~#000000~1~0~transparent~gge122481~0^^PL~926 -657 914 -657~#000000~1~0~transparent~gge122484~0^^PL~923 -659 917 -659~#000000~1~0~transparent~gge122487~0^^PL~921 -661 919 -661~#000000~1~0~transparent~gge122490~0",
          "F~part_netLabel_gnD~985~-645~180~gge122493~~0^^985~-645^^BGND~#000000~972~-664.17~0~start~1~Times New Roman~9pt~flag_gge67^^PL~985 -655 985 -645~#000000~1~0~transparent~gge122505~0^^PL~994 -655 976 -655~#000000~1~0~transparent~gge122508~0^^PL~991 -657 979 -657~#000000~1~0~transparent~gge122511~0^^PL~988 -659 982 -659~#000000~1~0~transparent~gge122514~0^^PL~986 -661 984 -661~#000000~1~0~transparent~gge122517~0",
          "F~part_netLabel_gnD~1050~-645~180~gge122520~~0^^1050~-645^^BGND~#000000~1037~-664.17~0~start~1~Times New Roman~9pt~flag_gge70^^PL~1050 -655 1050 -645~#000000~1~0~transparent~gge122532~0^^PL~1059 -655 1041 -655~#000000~1~0~transparent~gge122535~0^^PL~1056 -657 1044 -657~#000000~1~0~transparent~gge122538~0^^PL~1053 -659 1047 -659~#000000~1~0~transparent~gge122541~0^^PL~1051 -661 1049 -661~#000000~1~0~transparent~gge122544~0",
          "W~855 -645 860 -645~#008800~1~0~none~gge122577~0",
          "W~920 -645 925 -645~#008800~1~0~none~gge122580~0",
          "W~985 -645 990 -645~#008800~1~0~none~gge122583~0",
          "W~1050 -645 1055 -645~#008800~1~0~none~gge122586~0",
          "P~show~0~1~905~-645~90~gge122646~0^^905~-645^^M 905 -645 v 20~#880000^^1~908~-623~270~M1_NEG~end~~~#0000FF^^1~904~-630~270~1~start~~~#0000FF^^0~905~-628^^0~M 902 -625 L 905 -622 L 908 -625",
          "P~show~0~1~970~-645~90~gge122703~0^^970~-645^^M 970 -645 v 20~#880000^^1~973~-623~270~M2_NEG~end~~~#0000FF^^1~969~-630~270~2~start~~~#0000FF^^0~970~-628^^0~M 967 -625 L 970 -622 L 973 -625",
          "P~show~0~1~1035~-645~90~gge122727~0^^1035~-645^^M 1035 -645 v 20~#880000^^1~1038~-623~270~M3_NEG~end~~~#0000FF^^1~1034~-630~270~3~start~~~#0000FF^^0~1035~-628^^0~M 1032 -625 L 1035 -622 L 1038 -625",
          "P~show~0~1~1100~-645~90~gge122751~0^^1100~-645^^M 1100 -645 v 20~#880000^^1~1103~-623~270~M4_NEG~end~~~#0000FF^^1~1099~-630~270~4~start~~~#0000FF^^0~1100~-628^^0~M 1097 -625 L 1100 -622 L 1103 -625",
          "T~L~919.99~-559.22~0~#0000FF~~5.5pt~undefined~undefined~~comment~MOSFETs are IRL520N~1~end~gge122772~0~pinpart",
          "P~show~0~1~1055~-545~0~gge122787~0^^1055~-545^^M 1055 -545 h -20~#880000^^1~1033~-542~0~M1_POS~end~~~#0000FF^^1~1040~-546~0~1~start~~~#0000FF^^0~1038~-545^^0~M 1035 -548 L 1032 -545 L 1035 -542",
          "P~show~0~1~1065~-545~180~gge122811~0^^1065~-545^^M 1065 -545 h 20~#880000^^1~1087~-542~0~M2_POS~start~~~#0000FF^^1~1080~-546~0~2~end~~~#0000FF^^0~1082~-545^^0~M 1085 -542 L 1088 -545 L 1085 -548",
          "P~show~0~1~1065~-535~180~gge122859~0^^1065~-535^^M 1065 -535 h 20~#880000^^1~1087~-532~0~M3_POS~start~~~#0000FF^^1~1080~-536~0~3~end~~~#0000FF^^0~1082~-535^^0~M 1085 -532 L 1088 -535 L 1085 -538",
          "P~show~0~1~1055~-535~0~gge122883~0^^1055~-535^^M 1055 -535 h -20~#880000^^1~1033~-532~0~M4_POS~end~~~#0000FF^^1~1040~-536~0~4~start~~~#0000FF^^0~1038~-535^^0~M 1035 -538 L 1032 -535 L 1035 -532",
          "W~1065 -535 1060 -535 1055 -535~#008800~1~0~none~gge122965~0",
          "R~990~-575~~~145~50~#000000~1~0~none~gge122971~0~",
          "O~630~-675~gge122989~M 626 -679 L 634 -671 M 634 -679 L 626 -671~#33cc33~0",
          "O~630~-665~gge122995~M 626 -669 L 634 -661 M 634 -669 L 626 -661~#33cc33~0",
          "O~630~-655~gge123001~M 626 -659 L 634 -651 M 634 -659 L 626 -651~#33cc33~0",
          "O~630~-645~gge123007~M 626 -649 L 634 -641 M 634 -649 L 626 -641~#33cc33~0",
          "O~630~-615~gge123013~M 626 -619 L 634 -611 M 634 -619 L 626 -611~#33cc33~0",
          "O~630~-605~gge123019~M 626 -609 L 634 -601 M 634 -609 L 626 -601~#33cc33~0",
          "O~630~-595~gge123025~M 626 -599 L 634 -591 M 634 -599 L 626 -591~#33cc33~0",
          "O~630~-585~gge123031~M 626 -589 L 634 -581 M 634 -589 L 626 -581~#33cc33~0",
          "O~630~-575~gge123037~M 626 -579 L 634 -571 M 634 -579 L 626 -571~#33cc33~0",
          "O~630~-565~gge123043~M 626 -569 L 634 -561 M 634 -569 L 626 -561~#33cc33~0",
          "O~630~-555~gge123049~M 626 -559 L 634 -551 M 634 -559 L 626 -551~#33cc33~0",
          "O~530~-555~gge123055~M 526 -559 L 534 -551 M 534 -559 L 526 -551~#33cc33~0",
          "O~530~-565~gge123061~M 526 -569 L 534 -561 M 534 -569 L 526 -561~#33cc33~0",
          "O~530~-575~gge123067~M 526 -579 L 534 -571 M 534 -579 L 526 -571~#33cc33~0",
          "O~530~-635~gge123085~M 526 -639 L 534 -631 M 534 -639 L 526 -631~#33cc33~0",
          "O~530~-655~gge123091~M 526 -659 L 534 -651 M 534 -659 L 526 -651~#33cc33~0",
          "O~530~-675~gge123097~M 526 -679 L 534 -671 M 534 -679 L 526 -671~#33cc33~0",
          "O~530~-685~gge123103~M 526 -689 L 534 -681 M 534 -689 L 526 -681~#33cc33~0",
          "O~530~-695~gge123109~M 526 -699 L 534 -691 M 534 -699 L 526 -691~#33cc33~0",
          "PL~15 -660 400 -660~#000000~1~0~none~gge123154~0",
          "T~L~270.28~-634.22~0~#0000FF~~16pt~undefined~undefined~~comment~BLUETOOTH~1~end~gge123157~0~pinpart",
          "F~part_netLabel_netPort~245~-600~180~gge123169~~0^^245~-600^^RX~#0000FF~247.59~-596.38~0~~1~Times New Roman~8pt~flag_gge73^^PL~245 -600 250 -605 265 -605 265 -595 250 -595 245 -600~#0000FF~1~0~transparent~gge123181~0",
          "F~part_netLabel_netPort~245~-590~180~gge123184~~0^^245~-590^^TX~#0000FF~247.89~-586.38~0~~1~Times New Roman~8pt~flag_gge76^^PL~245 -590 250 -595 265 -595 265 -585 250 -585 245 -590~#0000FF~1~0~transparent~gge123196~0",
          "F~part_netLabel_netPort~520~-605~0~gge123232~~0^^520~-605^^RX~#0000FF~502.59~-601.38~0~~1~Times New Roman~8pt~flag_gge79^^PL~520 -605 515 -600 500 -600 500 -610 515 -610 520 -605~#0000FF~1~0~transparent~gge123244~0",
          "F~part_netLabel_netPort~520~-595~0~gge123274~~0^^520~-595^^TX~#0000FF~502.78~-591.38~0~~1~Times New Roman~8pt~flag_gge82^^PL~520 -595 515 -590 500 -590 500 -600 515 -600 520 -595~#0000FF~1~0~transparent~gge123286~0",
          "W~520 -625 530 -625~#008800~1~0~none~gge123292~0",
          "W~520 -615 530 -615~#008800~1~0~none~gge123295~0",
          "W~520 -605 530 -605~#008800~1~0~none~gge123298~0",
          "W~520 -595 530 -595~#008800~1~0~none~gge123301~0",
          "W~520 -585 530 -585~#008800~1~0~none~gge123304~0",
          "O~245~-560~gge123307~M 241 -564 L 249 -556 M 249 -564 L 241 -556~#33cc33~0",
          "O~245~-610~gge123313~M 241 -614 L 249 -606 M 249 -614 L 241 -606~#33cc33~0",
          "O~700~-625~gge123367~M 696 -629 L 704 -621 M 704 -629 L 696 -621~#33cc33~0",
          "O~700~-615~gge123373~M 696 -619 L 704 -611 M 704 -619 L 696 -611~#33cc33~0",
          "W~905 -645 900 -645~#008800~1~0~none~gge123426~0",
          "W~1055 -545 1065 -545~#008800~1~0~none~gge123475~0",
          "F~part_netLabel_GNd~130~-720~270~gge123497~~0^^130~-720^^+5V~#000000~92.05~-715.95~0~start~1~Times New Roman~9pt~flag_gge85^^PL~120 -720 130 -720~#000000~1~0~transparent~gge123509~0^^PL~120 -720 120 -710 114 -720 120 -730 120 -720~#000000~1~0~transparent~gge123512~0",
          "W~1060 -550 1060 -545~#008800~1~0~none~gge123537~0",
          "W~1060 -535 1060 -545~#008800~1~0~none~gge123541~0",
          "F~part_netLabel_GNd~1060~-550~180~gge123552~~0^^1060~-550^^VIN+~#000000~1045.95~-565.99~0~start~1~Times New Roman~9pt~flag_gge88^^PL~1060 -560 1060 -550~#000000~1~0~transparent~gge123564~0^^PL~1060 -560 1050 -560 1060 -566 1070 -560 1060 -560~#000000~1~0~transparent~gge123567~0",
          "W~965 -645 970 -645~#008800~1~0~none~gge123588~0",
          "W~1030 -645 1035 -645~#008800~1~0~none~gge123591~0",
          "W~1095 -645 1100 -645~#008800~1~0~none~gge123594~0",
          "LIB~736~-624~package`MPU6050`Contributor`PetrSimonik`spicePre`?`spiceSymbolName`MPU6050`Manufacturer Part``~~0~gge8735357998c14704~99f89c2f8e0b45b1964595de872f8250~639c97413c35493283dce2c79afa9710~0~7ea15a5e68a1a525~yes~yes~~1563537302~#@$T~N~731.25~-678~0~#000080~Arial~~~~~comment~MPU6050~1~start~gge126046~0~pinpart#@$T~P~731.25~-687.23~0~#000080~Arial~~~~~comment~1~1~start~gge126052~0~pinpart#@$P~show~3~4~700~-635~180~gge126058~0^^700~-635^^M 700 -635 h 19.685~#A54B4B^^1~729.21~-632.047~0~SDA~start~~4.5pt~#A54B4B^^1~707.56~-636.97~0~4~end~~4.5pt~#A54B4B^^0~716~-635^^0~M 719 -632 L 722 -635 L 719 -638#@$P~show~3~3~700~-645~180~gge126079~0^^700~-645^^M 700 -645 h 19.685~#A54B4B^^1~729.21~-642.047~0~SCL~start~~4.5pt~#A54B4B^^1~707.56~-646.97~0~3~end~~4.5pt~#A54B4B^^0~716~-645^^0~M 719 -642 L 722 -645 L 719 -648#@$P~show~3~2~700~-655~180~gge126100~0^^700~-655^^M 700 -655 h 19.685~#A54B4B^^1~729.21~-652.047~0~GND~start~~4.5pt~#A54B4B^^1~707.56~-656.97~0~2~end~~4.5pt~#A54B4B^^0~716~-655^^0~M 719 -652 L 722 -655 L 719 -658#@$P~show~3~1~700~-665~180~gge126121~0^^700~-665^^M 700 -665 h 19.685~#A54B4B^^1~729.21~-662.047~0~VCC~start~~4.5pt~#A54B4B^^1~707.56~-666.97~0~1~end~~4.5pt~#A54B4B^^0~716~-665^^0~M 719 -662 L 722 -665 L 719 -668#@$P~show~3~5~700~-625~180~gge126142~0^^700~-625^^M 700 -625 h 19.685~#A54B4B^^1~729.21~-622.047~0~XDA~start~~4.5pt~#A54B4B^^1~707.56~-626.97~0~5~end~~4.5pt~#A54B4B^^0~716~-625^^0~M 719 -622 L 722 -625 L 719 -628#@$P~show~3~6~700~-615~180~gge126163~0^^700~-615^^M 700 -615 h 19.685~#A54B4B^^1~729.21~-612.047~0~XCL~start~~4.5pt~#A54B4B^^1~707.56~-616.97~0~6~end~~4.5pt~#A54B4B^^0~716~-615^^0~M 719 -612 L 722 -615 L 719 -618#@$P~show~3~7~700~-605~180~gge126184~0^^700~-605^^M 700 -605 h 19.685~#A54B4B^^1~729.21~-602.047~0~ADO~start~~4.5pt~#A54B4B^^1~707.56~-606.97~0~7~end~~4.5pt~#A54B4B^^0~716~-605^^0~M 719 -602 L 722 -605 L 719 -608#@$P~show~3~8~700~-595~180~gge126205~0^^700~-595^^M 700 -595 h 19.685~#A54B4B^^1~729.21~-592.047~0~INT~start~~4.5pt~#A54B4B^^1~707.56~-596.97~0~8~end~~4.5pt~#A54B4B^^0~716~-595^^0~M 719 -592 L 722 -595 L 719 -598#@$PL~719.69 -675 719.69 -575~#A54B4B~1~0~none~gge126226~0#@$PL~769.69 -575 769.69 -675~#A54B4B~1~0~none~gge126229~0#@$PL~769.69 -675 719.69 -675~#A54B4B~1~0~none~gge126232~0#@$PL~719.69 -575 769.69 -575~#A54B4B~1~0~none~gge126235~0#@$T~L~756.685~-615.6~270~#A54B4B~~5.4pt~0.56~~text-after-edge~comment~MPU6050~1~start~gge126238~0~pinpart",
          "W~695 -655 700 -655~#008800~1~0~none~gge126458~0",
          "W~700 -670 700 -665~#008800~1~0~none~gge126461~0",
          "O~700~-605~gge126464~M 696 -609 L 704 -601 M 704 -609 L 696 -601~#33cc33~0",
          "O~700~-595~gge126470~M 696 -599 L 704 -591 M 704 -599 L 696 -591~#33cc33~0",
          "J~265~-720~2.5~#CC0000~gge113903~0",
          "J~265~-690~2.5~#CC0000~gge113934~0",
          "J~1060~-545~2.5~#CC0000~gge123538~0",
          "J~1060~-535~2.5~#CC0000~gge123542~0"
        ],
        "BBox": {
          "x": 0,
          "y": -806.8,
          "width": 1149,
          "height": 807.7
        },
        "colors": {}
      }
    }
  ]
}